Processed1,Processed2,Processed3
88,164.000000,126
50,196.000000,158
124,40.000000,140
22,4.000000,170
